target_utc,wayback_timestamp,snapshot_utc,distance_hours,archive_url
2025-11-11T06:00:00+00:00,20251111164751,2025-11-11T16:47:51+00:00,10.7975,https://web.archive.org/web/20251111164751/https://openrouter.ai/models
2025-11-18T06:00:00+00:00,20251118160759,2025-11-18T16:07:59+00:00,10.1330555556,https://web.archive.org/web/20251118160759/https://openrouter.ai/models
2025-11-25T06:00:00+00:00,20251124161847,2025-11-24T16:18:47+00:00,13.6869444444,https://web.archive.org/web/20251124161847/https://openrouter.ai/models
2025-12-02T06:00:00+00:00,20251201160032,2025-12-01T16:00:32+00:00,13.9911111111,https://web.archive.org/web/20251201160032/https://openrouter.ai/models
2025-12-09T06:00:00+00:00,20251209152540,2025-12-09T15:25:40+00:00,9.4277777778,https://web.archive.org/web/20251209152540/https://openrouter.ai/models
2025-12-16T06:00:00+00:00,20251216111704,2025-12-16T11:17:04+00:00,5.2844444444,https://web.archive.org/web/20251216111704/https://openrouter.ai/models
2025-12-23T06:00:00+00:00,20251223111058,2025-12-23T11:10:58+00:00,5.1827777778,https://web.archive.org/web/20251223111058/https://openrouter.ai/models
2025-12-30T06:00:00+00:00,20251229205349,2025-12-29T20:53:49+00:00,9.1030555556,https://web.archive.org/web/20251229205349/https://openrouter.ai/models
2026-01-06T06:00:00+00:00,20260107102201,2026-01-07T10:22:01+00:00,28.3669444444,https://web.archive.org/web/20260107102201/https://openrouter.ai/models
2026-01-13T06:00:00+00:00,20260113044623,2026-01-13T04:46:23+00:00,1.2269444444,https://web.archive.org/web/20260113044623/https://openrouter.ai/models
2026-01-20T06:00:00+00:00,20260120125608,2026-01-20T12:56:08+00:00,6.9355555556,https://web.archive.org/web/20260120125608/https://openrouter.ai/models
2026-01-27T06:00:00+00:00,20260128021657,2026-01-28T02:16:57+00:00,20.2825,https://web.archive.org/web/20260128021657/https://openrouter.ai/models
2026-02-03T06:00:00+00:00,20260203001214,2026-02-03T00:12:14+00:00,5.7961111111,https://web.archive.org/web/20260203001214/https://openrouter.ai/models
2026-02-10T06:00:00+00:00,20260209163304,2026-02-09T16:33:04+00:00,13.4488888889,https://web.archive.org/web/20260209163304/https://openrouter.ai/models
2026-02-17T06:00:00+00:00,20260217005207,2026-02-17T00:52:07+00:00,5.1313888889,https://web.archive.org/web/20260217005207/https://openrouter.ai/models
2026-02-24T06:00:00+00:00,20260223212943,2026-02-23T21:29:43+00:00,8.5047222222,https://web.archive.org/web/20260223212943/https://openrouter.ai/models
2026-03-03T06:00:00+00:00,20260303055648,2026-03-03T05:56:48+00:00,0.0533333333,https://web.archive.org/web/20260303055648/https://openrouter.ai/models
2026-03-10T06:00:00+00:00,20260310075839,2026-03-10T07:58:39+00:00,1.9775,https://web.archive.org/web/20260310075839/https://openrouter.ai/models
2026-03-17T06:00:00+00:00,20260316091538,2026-03-16T09:15:38+00:00,20.7394444444,https://web.archive.org/web/20260316091538/https://openrouter.ai/models
2026-03-24T06:00:00+00:00,20260324050349,2026-03-24T05:03:49+00:00,0.9363888889,https://web.archive.org/web/20260324050349/https://openrouter.ai/models
2026-03-31T06:00:00+00:00,20260331072704,2026-03-31T07:27:04+00:00,1.4511111111,https://web.archive.org/web/20260331072704/https://openrouter.ai/models
2026-04-07T06:00:00+00:00,20260407123410,2026-04-07T12:34:10+00:00,6.5694444444,https://web.archive.org/web/20260407123410/https://openrouter.ai/models
2026-04-14T06:00:00+00:00,20260414050120,2026-04-14T05:01:20+00:00,0.9777777778,https://web.archive.org/web/20260414050120/https://openrouter.ai/models
2026-04-21T06:00:00+00:00,20260421094801,2026-04-21T09:48:01+00:00,3.8002777778,https://web.archive.org/web/20260421094801/https://openrouter.ai/models
2026-04-28T06:00:00+00:00,20260428055908,2026-04-28T05:59:08+00:00,0.0144444444,https://web.archive.org/web/20260428055908/https://openrouter.ai/models
2026-05-05T06:00:00+00:00,20260504204709,2026-05-04T20:47:09+00:00,9.2141666667,https://web.archive.org/web/20260504204709/https://openrouter.ai/models
